Pseudonyme;Abonné à
Aptir1980;Haverfice
Aptir1980;Accoure
Aptir1980;Owbet1963
Aptir1980;Othoose56
Aptir1980;Wooduousted
Aptir1980;Hene1991
Aptir1980;Bullithein
Aptir1980;Sonarmiss
Aptir1980;Nabing
Aptir1980;Thervin
Haverfice;Alky1995
Haverfice;Withild
Haverfice;Conore
Haverfice;Uplive
Malactind;Aptir1980
Malactind;Haverfice
Malactind;Accoure
Malactind;Owbet1963
Malactind;Othoose56
Malactind;Riotied
Malactind;Wooduousted
Malactind;Carmseepan
Eveithe56;Sonsise
Eveithe56;Therling
Eveithe56;Uplive
Eveithe56;Uposurs45
Eveithe56;Witied
Eveithe56;Brible
Eveithe56;Allecomead
Eveithe56;Withild
Eveithe56;Eard1982
Eveithe56;Thervin
Accoure;Stropeten
Accoure;Sweld1954
Accoure;Nabing
Accoure;Alky1995
Owbet1963;Hene1991
Owbet1963;Carmseepan
Owbet1963;Wassible
Othoose56;Riotied
Othoose56;Owbet1963
Othoose56;Eveithe56
Othoose56;Haverfice
Othoose56;Stropeten
Riotied;Accoure
Riotied;Hene1991
Triated;Hene1991
Triated;Haverfice
Triated;Bose1982
Triated;Phrovis
Triated;Withild
Wooduousted;Formaded
Carmseepan;Nabing
Carmseepan;Stropeten
Carmseepan;Allecomead
Wassible;Fincureplarl
Wassible;Brible
Wassible;Sonsise
Wassible;Uplive
Wassible;Therling
Wassible;Malactind
Formaded;Pround
Formaded;Uniscomen
Pround;Wassible
Uniscomen;Pround
Uniscomen;Wassible
Uniscomen;Sweld1954
Uniscomen;Phrovis
Uniscomen;Withild
Uniscomen;Brible
Sonarmiss;Uniscomen
Sonarmiss;Panytherry
Moste1964;Conore
Moste1964;Therling
Moste1964;Eard1982
Upoctin;Moste1964
Bose1982;Brible
Bose1982;Witied
Bose1982;Uposurs45
Bose1982;Uplive
Fincureplarl;Nabing
Alky1995;Panytherry
Alky1995;Owbet1963
Alky1995;Phrovis
Panytherry;Alky1995
Nabing;Alky1995
Nabing;Owbet1963
Nabing;Nabing
Nabing;Uplive
Sweld1954;Uplive
Phrovis;Fincureplarl
Phrovis;Sonarmiss
Stropeten;Sonarmiss
Thervin;Moste1964
Thervin;Uniscomen
Thervin;Hene1991
Thervin;Upoctin
Withild;Allecomead
Withild;Witied
Allecomead;Uplive
Brible;Withild
Brible;Stropeten
Brible;Phrovis
Brible;Nabing
Brible;Panytherry
Brible;Alky1995
Brible;Upoctin
Brible;Moste1964
Brible;Uniscomen
Brible;Formaded
Brible;Wassible
Witied;Accoure
Witied;Malactind
Uposurs45;Conore
Uposurs45;Uplive
Uposurs45;Sonsise
Conore;Uposurs45
Uplive;Uposurs45
Uplive;Conore
Uplive;Witied
Uplive;Accoure
Uplive;Wassible
Sonsise;Uplive
Sonsise;Sweld1954
Sonsise;Wooduousted
Sonsise;Eveithe56
Sonsise;Accoure
Sonsise;Owbet1963
Sonsise;Othoose56
Sonsise;Malactind
Sonsise;Moste1964