id;pseudonyme;date_mise_en_ligne;nom_recette;chemin_photo;Description
100;Aptir1980;2022-01-08;Soupe de potimarron;/dossier/photo/100;La soupe de potimarron est une soupe généralement liée préparée à partir d'une purée de potimarron.
101;Malactind;2022-01-19;Financiers chocolat Nestlé Dessert caramel;;Le financier est un biscuit moelleux qui se compose de blancs d'oeufs, de beurre noisette, de poudre d'amandes et de sucre. 
102;Accoure;2022-01-26;;/dossier/photo/102;
103;Alky1995;2022-01-30;Fondue de camembert;;La fondue de camembert est probablement la plus facile (et certainement l'une des recettes les plus savoureuses) de fondue au fromage.
104;Alky1995;2022-02-12;;/dossier/photo/104;
105;Wooduousted;2022-02-16;;/dossier/photo/105;
106;Triated;2022-03-01;;/dossier/photo/106;
107;Alky1995;2022-03-15;Oeufs à la coque;;Un œuf à la coque ou œuf mollet au Canada est un œuf entier cuit dans sa coquille, de telle sorte que le blanc soit peu coagulé encore souple et le jaune coulant.
108;Malactind;2022-03-22;;/dossier/photo/108;
109;Panytherry;2022-03-29;;/dossier/photo/109;
110;Wassible;2022-04-02;Poulet au four simple et savoureux;;Le bon poulet du dimanche qu'on aime :-) Aujourd'hui, on vous montre comment on prépare notre poulet rôti au four. Une recette simple et surtout sans âge !
111;Pround;2022-04-12;Hachis Parmentier;;Le hachis Parmentier, ou hachis parmentier, est un plat à base de purée de pommes de terre et de viande de bœuf hachée.
112;Triated;2022-04-25;Samoussa rapide au boeuf;;Découvrez la recette de Samoussa au boeuf à faire en 15 minutes. Hacher finement les oignons et l'ail et les faire revenir dans un peu d'huile.
113;Bullithein;2022-04-26;;/dossier/photo/113;
114;Panytherry;2022-05-03;;/dossier/photo/114;
115;Upoctin;2022-05-05;;/dossier/photo/115;
116;Wassible;2022-05-10;;/dossier/photo/116;
117;Hene1991;2022-05-29;;/dossier/photo/117;
118;Malactind;2022-06-05;;/dossier/photo/118;
119;Moste1964;2022-06-09;;/dossier/photo/119;
120;Nabing;2022-06-15;;/dossier/photo/120;
121;Nabing;2022-06-19;;/dossier/photo/121;
122;Panytherry;2022-07-18;;/dossier/photo/122;
123;Sonarmiss;2022-07-19;;/dossier/photo/123;
124;Wooduousted;2022-07-25;;/dossier/photo/124;
125;Carmseepan;2022-07-30;;/dossier/photo/125;
126;Hene1991;2022-08-07;;/dossier/photo/126;
127;Uniscomen;2022-08-09;;/dossier/photo/127;
128;Fincureplarl;2022-08-17;;/dossier/photo/128;
129;Pround;2022-08-22;;/dossier/photo/129;